antecedents,consequents,antecedent support,consequent support,support,confidence,lift,representativity,leverage,conviction,zhangs_metric,jaccard,certainty,kulczynski
frozenset({'arts_and_craftmanship'}),frozenset({'garden_tools'}),0.00024341972969826536,0.03628012319155016,1.0583466508620234e-05,0.043478260869565216,1.1984044442189639,1.0,1.752168727913324e-06,1.0075253257542884,0.1655974762872628,0.00028985507246376805,0.0074691182066858675,0.0218849880777231
frozenset({'garden_tools'}),frozenset({'arts_and_craftmanship'}),0.03628012319155016,0.00024341972969826536,1.0583466508620234e-05,0.00029171528588098014,1.1984044442189639,1.0,1.752168727913324e-06,1.0000483096488457,0.17178971875377497,0.00028985507246376805,4.8307315136307705e-05,0.0218849880777231
frozenset({'arts_and_craftmanship'}),frozenset({'toys'}),0.00024341972969826536,0.03994200260353276,1.0583466508620234e-05,0.043478260869565216,1.0885348263864887,1.0,8.607950312608774e-07,1.003696997278125,0.08135374322493227,0.00026343519494204424,0.003683379832908276,0.021871615861385682
frozenset({'toys'}),frozenset({'arts_and_craftmanship'}),0.03994200260353276,0.00024341972969826536,1.0583466508620234e-05,0.00026497085320614734,1.088534826386489,1.0,8.607950312608774e-07,1.000021556835441,0.08471773615689045,0.00026343519494204424,2.1556370753824148e-05,0.021871615861385682
frozenset({'home_comfort_2'}),frozenset({'auto'}),0.00024341972969826536,0.0401219215341793,1.0583466508620234e-05,0.043478260869565216,1.0836535042950697,1.0,8.169992137952949e-07,1.0035089002142672,0.07721460027100274,0.00026226068712300026,0.003496630885404084,0.02187102175633365
frozenset({'auto'}),frozenset({'home_comfort_2'}),0.0401219215341793,0.00024341972969826536,1.0583466508620234e-05,0.0002637826431020839,1.0836535042950697,1.0,8.169992137952949e-07,1.0000203682862043,0.08042251036429394,0.00026226068712300026,2.0367871345556008e-05,0.02187102175633365
frozenset({'la_cuisine'}),frozenset({'baby'}),0.0001270015981034428,0.02949612115952459,1.0583466508620234e-05,0.08333333333333334,2.825230235617749,1.0,6.837411983507836e-06,1.0587315041896095,0.6461286054511776,0.00035739814152966406,0.05547346419483826,0.04184607104413348
frozenset({'baby'}),frozenset({'la_cuisine'}),0.02949612115952459,0.0001270015981034428,1.0583466508620234e-05,0.00035880875493362035,2.825230235617749,1.0,6.837411983507836e-06,1.000231890361122,0.6656815703380589,0.00035739814152966406,0.00023183660044893343,0.04184607104413348
frozenset({'home_confort'}),frozenset({'bed_bath_table'}),0.004127551938361891,0.09712447214960788,0.00045508905987067005,0.11025641025641027,1.1352073047725222,1.0,5.420275658718054e-05,1.014759238794389,0.11959726862754941,0.004514909701805963,0.014544571983324777,0.057471018683833336
frozenset({'bed_bath_table'}),frozenset({'home_confort'}),0.09712447214960788,0.004127551938361891,0.00045508905987067005,0.004685627111256402,1.1352073047725222,1.0,5.420275658718054e-05,1.0005607024153331,0.13191588543015492,0.004514909701805963,0.0005603882043134602,0.057471018683833336
frozenset({'books_general_interest'}),frozenset({'market_place'}),0.005196482055732535,0.0028787028903447037,2.1166933017240467e-05,0.004073319755600815,1.4149844255421111,1.0,6.207805103778833e-06,1.0011995028238052,0.2948104174645729,0.002628120893561104,0.0011980657405663026,0.005713130466035702
frozenset({'market_place'}),frozenset({'books_general_interest'}),0.0028787028903447037,0.005196482055732535,2.1166933017240467e-05,0.007352941176470588,1.414984425542111,1.0,6.207805103778833e-06,1.0021724328920028,0.29412513930902723,0.002628120893561104,0.0021677236578277422,0.005713130466035702
frozenset({'costruction_tools_garden'}),frozenset({'books_technical'}),0.0020108586366378444,0.0026987839596981597,1.0583466508620234e-05,0.005263157894736842,1.9501960784313723,1.0,5.156593474841509e-06,1.0025779420510972,0.48821277453153333,0.0022522522522522522,0.0025713133542745563,0.004592363261093911
frozenset({'books_technical'}),frozenset({'costruction_tools_garden'}),0.0026987839596981597,0.0020108586366378444,1.0583466508620234e-05,0.00392156862745098,1.9501960784313725,1.0,5.156593474841509e-06,1.0019182324710918,0.4885495373121657,0.0022522522522522522,0.0019145599001236602,0.004592363261093911
frozenset({'books_technical'}),frozenset({'music'}),0.0026987839596981597,0.0004021717273275689,1.0583466508620234e-05,0.00392156862745098,9.750980392156862,1.0,9.498091901864489e-06,1.0035332527934309,0.8998747771457679,0.003424657534246575,0.003520812871517547,0.015118679050567595
frozenset({'music'}),frozenset({'books_technical'}),0.0004021717273275689,0.0026987839596981597,1.0583466508620234e-05,0.02631578947368421,9.750980392156862,1.0,9.498091901864489e-06,1.02425530296031,0.8978072822369745,0.003424657534246575,0.02368091518804652,0.015118679050567595
frozenset({'costruction_tools_garden'}),frozenset({'construction_tools_lights'}),0.0020108586366378444,0.0025294484955602358,1.0583466508620234e-05,0.005263157894736842,2.080753138075314,1.0,5.497103155392331e-06,1.0027481734700716,0.5204513399153737,0.0023364485981308414,0.0027406417112299463,0.004723629156573442
frozenset({'construction_tools_lights'}),frozenset({'costruction_tools_garden'}),0.0025294484955602358,0.0020108586366378444,1.0583466508620234e-05,0.004184100418410042,2.080753138075314,1.0,5.497103155392331e-06,1.0021823730497628,0.5207219251336899,0.0023364485981308414,0.002177620669101983,0.004723629156573442
frozenset({'home_construction'}),frozenset({'construction_tools_safety'}),0.005090647390646332,0.001672187708361997,2.1166933017240467e-05,0.004158004158004158,2.4865654359325244,1.0,1.2654415022996597e-05,1.0024961956414988,0.6008978150330829,0.003139717425431711,0.0024899801638662436,0.008408116003052711
frozenset({'construction_tools_safety'}),frozenset({'home_construction'}),0.001672187708361997,0.005090647390646332,2.1166933017240467e-05,0.012658227848101266,2.4865654359325244,1.0,1.2654415022996597e-05,1.0076646007197299,0.5988402294098315,0.003139717425431711,0.007606301456114974,0.008408116003052711
frozenset({'costruction_tools_garden'}),frozenset({'flowers'}),0.0020108586366378444,0.00029633706224136655,1.0583466508620234e-05,0.005263157894736842,17.760714285714286,1.0,9.987574567656295e-06,1.0049931003077996,0.9455974209147693,0.004608294930875576,0.004968293121883569,0.02048872180451128
frozenset({'flowers'}),frozenset({'costruction_tools_garden'}),0.00029633706224136655,0.0020108586366378444,1.0583466508620234e-05,0.03571428571428571,17.760714285714286,1.0,9.987574567656295e-06,1.0349517021545978,0.9439756931578781,0.004608294930875576,0.03377133646124176,0.02048872180451128
frozenset({'home_construction'}),frozenset({'costruction_tools_garden'}),0.005090647390646332,0.0020108586366378444,1.0583466508620234e-05,0.002079002079002079,1.033887733887734,1.0,3.468942370611492e-07,1.000068285407869,0.032944705657085654,0.0014925373134328358,6.828074529061848e-05,0.0036710799868694606
frozenset({'costruction_tools_garden'}),frozenset({'home_construction'}),0.0020108586366378444,0.005090647390646332,1.0583466508620234e-05,0.005263157894736842,1.033887733887734,1.0,3.468942370611492e-07,1.0001734232580803,0.03284303848478737,0.0014925373134328358,0.00017339318766887205,0.0036710799868694606
frozenset({'fashion_sport'}),frozenset({'fashio_female_clothing'}),0.00027517012922412607,0.0003810047943103284,1.0583466508620234e-05,0.038461538461538464,100.94764957264958,1.0,1.047862537013485e-05,1.0396037550139172,0.9903663945967119,0.01639344262295082,0.03809504806317969,0.03311965811965812
frozenset({'fashio_female_clothing'}),frozenset({'fashion_sport'}),0.0003810047943103284,0.00027517012922412607,1.0583466508620234e-05,0.02777777777777778,100.94764957264958,1.0,1.047862537013485e-05,1.0282883964385123,0.990471249642672,0.01639344262295082,0.027510177627686445,0.03311965811965812
frozenset({'fashion_bags_accessories'}),frozenset({'fashion_childrens_clothes'}),0.019177241313619864,7.408426556034164e-05,2.1166933017240467e-05,0.0011037527593818985,14.89861242510249,1.0,1.9746201179047498e-05,1.0010308062490634,0.9511195036417589,0.0011007154650522837,0.0010297447817074242,0.1434090192368338
frozenset({'fashion_childrens_clothes'}),frozenset({'fashion_bags_accessories'}),7.408426556034164e-05,0.019177241313619864,2.1166933017240467e-05,0.2857142857142857,14.89861242510249,1.0,1.9746201179047498e-05,1.3731518621609322,0.9329487722269263,0.0011007154650522837,0.2717484296119311,0.1434090192368338
frozenset({'fashion_sport'}),frozenset({'fashion_bags_accessories'}),0.00027517012922412607,0.019177241313619864,1.0583466508620234e-05,0.038461538461538464,2.00558244184072,1.0,5.306462538189206e-06,1.0200556690338354,0.5015297318470057,0.0005443658138268917,0.01966134755452263,0.019506707420614708
frozenset({'fashion_bags_accessories'}),frozenset({'fashion_sport'}),0.019177241313619864,0.00027517012922412607,1.0583466508620234e-05,0.0005518763796909492,2.00558244184072,1.0,5.306462538189206e-06,1.0002768590424327,0.5111950364175883,0.0005443658138268917,0.00027678241271909804,0.019506707420614708
frozenset({'food'}),frozenset({'fixed_telephony'}),0.004624974864267042,0.0022119445003016287,1.0583466508620234e-05,0.002288329519450801,1.0345329727480759,1.0,3.5327879357147885e-07,1.0000765602141473,0.03353535353535364,0.001550387596899225,7.655435312955132e-05,0.003536509257333056
frozenset({'fixed_telephony'}),frozenset({'food'}),0.0022119445003016287,0.004624974864267042,1.0583466508620234e-05,0.004784688995215312,1.0345329727480759,1.0,3.5327879357147885e-07,1.000160481987347,0.03345425231761397,0.001550387596899225,0.0001604562370112616,0.003536509257333056
frozenset({'home_comfort_2'}),frozenset({'musical_instruments'}),0.00024341972969826536,0.006402997237715241,1.0583466508620234e-05,0.043478260869565216,6.790298239310097,1.0,9.024850651756849e-06,1.0387605028878433,0.8529386856368562,0.001594896331738437,0.037314186263422255,0.022565576715774343
frozenset({'musical_instruments'}),frozenset({'home_comfort_2'}),0.006402997237715241,0.00024341972969826536,1.0583466508620234e-05,0.001652892561983471,6.790298239310097,1.0,9.024850651756849e-06,1.0014118063965771,0.8582262840587119,0.001594896331738437,0.001409816009317118,0.022565576715774343
"frozenset({'bed_bath_table', 'cool_stuff'})",frozenset({'auto'}),0.00010583466508620233,0.0401219215341793,1.0583466508620234e-05,0.1,2.49240305987866,1.0,6.337176380435478e-06,1.0665311982953563,0.5988441631296506,0.0002631578947368421,0.0623809208785393,0.05013189132155105
"frozenset({'bed_bath_table', 'auto'})",frozenset({'cool_stuff'}),2.1166933017240467e-05,0.03737022024193804,1.0583466508620234e-05,0.5,13.379637496459928,1.0,9.792453559919606e-06,1.925259559516124,0.9252791448378049,0.0002831257078142695,0.4805895158098421,0.25014160294534127
"frozenset({'cool_stuff', 'auto'})",frozenset({'bed_bath_table'}),3.17503995258607e-05,0.09712447214960788,1.0583466508620234e-05,0.33333333333333337,3.4320220841959976,1.0,7.499725714131853e-06,1.3543132917755882,0.7086490834426993,0.00010894432944765226,0.26161841128433555,0.16672115070284407
frozenset({'bed_bath_table'}),"frozenset({'cool_stuff', 'auto'})",0.09712447214960788,3.17503995258607e-05,1.0583466508620234e-05,0.00010896807235480004,3.4320220841959976,1.0,7.499725714131853e-06,1.0000772260880069,0.7848552338530067,0.00010894432944765226,7.722012459874679e-05,0.16672115070284407
frozenset({'cool_stuff'}),"frozenset({'bed_bath_table', 'auto'})",0.03737022024193804,2.1166933017240467e-05,1.0583466508620234e-05,0.00028320589068252624,13.379637496459928,1.0,9.792453559919606e-06,1.0002621131896647,0.9611790316196842,0.0002831257078142695,0.0002620445043437567,0.25014160294534127
frozenset({'auto'}),"frozenset({'bed_bath_table', 'cool_stuff'})",0.0401219215341793,0.00010583466508620233,1.0583466508620234e-05,0.0002637826431020839,2.49240305987866,1.0,6.337176380435478e-06,1.0001579896529442,0.6238092087853929,0.0002631578947368421,0.00015796469615659474,0.05013189132155105
"frozenset({'fashion_bags_accessories', 'musical_instruments'})",frozenset({'auto'}),1.0583466508620234e-05,0.0401219215341793,1.0583466508620234e-05,1.0,24.9240305987866,1.0,1.0158837495801758e-05,inf,0.9598882374108333,0.0002637826431020839,1.0,0.500131891321551
"frozenset({'fashion_bags_accessories', 'auto'})",frozenset({'musical_instruments'}),1.0583466508620234e-05,0.006402997237715241,1.0583466508620234e-05,1.0,156.17685950413224,1.0,1.0515700601800087e-05,inf,0.9936075185741803,0.001652892561983471,1.0,0.5008264462809917
"frozenset({'musical_instruments', 'auto'})",frozenset({'fashion_bags_accessories'}),1.0583466508620234e-05,0.019177241313619864,1.0583466508620234e-05,1.0,52.14514348785872,1.0,1.038050481744981e-05,inf,0.9808331393010604,0.0005518763796909492,1.0,0.5002759381898455
frozenset({'fashion_bags_accessories'}),"frozenset({'musical_instruments', 'auto'})",0.019177241313619864,1.0583466508620234e-05,1.0583466508620234e-05,0.0005518763796909492,52.14514348785872,1.0,1.038050481744981e-05,1.0005415918049068,1.0,0.0005518763796909492,0.0005412986419983777,0.5002759381898455
frozenset({'musical_instruments'}),"frozenset({'fashion_bags_accessories', 'auto'})",0.006402997237715241,1.0583466508620234e-05,1.0583466508620234e-05,0.001652892561983471,156.17685950413224,1.0,1.0515700601800087e-05,1.0016450281502687,1.0,0.001652892561983471,0.0016423264769821163,0.5008264462809917
frozenset({'auto'}),"frozenset({'fashion_bags_accessories', 'musical_instruments'})",0.0401219215341793,1.0583466508620234e-05,1.0583466508620234e-05,0.0002637826431020839,24.9240305987866,1.0,1.0158837495801758e-05,1.0002532659837642,1.0,0.0002637826431020839,0.00025320185634683024,0.500131891321551
"frozenset({'bed_bath_table', 'cool_stuff'})",frozenset({'baby'}),0.00010583466508620233,0.02949612115952459,1.0583466508620234e-05,0.1,3.390276282741299,1.0,7.461754404359903e-06,1.0783376431560838,0.7051134138467564,0.000357653791130186,0.07264667393675028,0.05017940437746681
"frozenset({'bed_bath_table', 'baby'})",frozenset({'cool_stuff'}),0.00017991893064654398,0.03737022024193804,1.0583466508620234e-05,0.058823529411764705,1.5740749995835208,1.0,3.859856444664909e-06,1.0227941409929409,0.36477188525457815,0.000281928390188892,0.02228614740676164,0.029553367651223617
frozenset({'cool_stuff'}),"frozenset({'bed_bath_table', 'baby'})",0.03737022024193804,0.00017991893064654398,1.0583466508620234e-05,0.00028320589068252624,1.5740749995835208,1.0,3.859856444664909e-06,1.000103316219798,0.3788645059149479,0.000281928390188892,0.00010330554665946708,0.029553367651223617
frozenset({'baby'}),"frozenset({'bed_bath_table', 'cool_stuff'})",0.02949612115952459,0.00010583466508620233,1.0583466508620234e-05,0.00035880875493362035,3.390276282741299,1.0,7.461754404359903e-06,1.0002530648917463,0.7264667393675027,0.000357653791130186,0.0002530008661093492,0.05017940437746681
"frozenset({'construction_tools_lights', 'bed_bath_table'})",frozenset({'garden_tools'}),1.0583466508620234e-05,0.03628012319155016,1.0583466508620234e-05,1.0,27.56330221703617,1.0,1.0199497039893847e-05,inf,0.9637300764134369,0.00029171528588098014,1.0,0.5001458576429405
"frozenset({'construction_tools_lights', 'garden_tools'})",frozenset({'bed_bath_table'}),1.0583466508620234e-05,0.09712447214960788,1.0583466508620234e-05,1.0,10.296066252587991,1.0,9.55555291045744e-06,inf,0.9028850835044345,0.00010896807235480004,1.0,0.5000544840361774
"frozenset({'bed_bath_table', 'garden_tools'})",frozenset({'construction_tools_lights'}),4.2333866034480934e-05,0.0025294484955602358,1.0583466508620234e-05,0.25,98.83577405857741,1.0,1.0476385174868067e-05,1.329960735339253,0.9899241133325571,0.004132231404958678,0.24809810287751463,0.12709205020920503
frozenset({'construction_tools_lights'}),"frozenset({'bed_bath_table', 'garden_tools'})",0.0025294484955602358,4.2333866034480934e-05,1.0583466508620234e-05,0.004184100418410042,98.83577405857741,1.0,1.0476385174868067e-05,1.0041591689328477,0.9923924115100586,0.004132231404958678,0.004141941896788943,0.12709205020920503
frozenset({'bed_bath_table'}),"frozenset({'construction_tools_lights', 'garden_tools'})",0.09712447214960788,1.0583466508620234e-05,1.0583466508620234e-05,0.00010896807235480004,10.296066252587991,1.0,9.55555291045744e-06,1.0000983953277953,1.0,0.00010896807235480004,9.83856471073809e-05,0.5000544840361774
frozenset({'garden_tools'}),"frozenset({'construction_tools_lights', 'bed_bath_table'})",0.03628012319155016,1.0583466508620234e-05,1.0583466508620234e-05,0.00029171528588098014,27.56330221703617,1.0,1.0199497039893847e-05,1.0002812138537522,1.0000000000000002,0.00029171528588098014,0.00028113479475304457,0.5001458576429405
"frozenset({'home_confort', 'furniture_decor'})",frozenset({'bed_bath_table'}),6.35007990517214e-05,0.09712447214960788,1.0583466508620234e-05,0.16666666666666669,1.7160110420979988,1.0,4.415984919643472e-06,1.0834506334204708,0.41727966469448885,0.00010890873448050533,0.07702301410541947,0.08338781736951074
"frozenset({'bed_bath_table', 'furniture_decor'})",frozenset({'home_confort'}),0.0007302591890947961,0.004127551938361891,1.0583466508620234e-05,0.014492753623188408,3.51122259383129,1.0,7.569283777165425e-06,1.010517631121368,0.7157215785125718,0.0021834061135371182,0.010408161913708226,0.008528428093645487
frozenset({'home_confort'}),"frozenset({'bed_bath_table', 'furniture_decor'})",0.004127551938361891,0.0007302591890947961,1.0583466508620234e-05,0.002564102564102564,3.5112225938312895,1.0,7.569283777165425e-06,1.0018385576253293,0.7181631720458675,0.0021834061135371182,0.0018351835346476198,0.008528428093645487
frozenset({'bed_bath_table'}),"frozenset({'home_confort', 'furniture_decor'})",0.09712447214960788,6.35007990517214e-05,1.0583466508620234e-05,0.00010896807235480004,1.7160110420979988,1.0,4.415984919643472e-06,1.0000454722283243,0.4621380846325167,0.00010890873448050533,4.547016069461576e-05,0.08338781736951074
"frozenset({'office_furniture', 'bed_bath_table'})",frozenset({'furniture_decor'}),5.2917332543101164e-05,0.06625250034396266,1.0583466508620234e-05,0.2,3.018753993610224,1.0,7.077560916106838e-06,1.1671843745700465,0.6687728879574947,0.00015964240102171138,0.1432373309757784,0.10007987220447286
"frozenset({'office_furniture', 'furniture_decor'})",frozenset({'bed_bath_table'}),4.2333866034480934e-05,0.09712447214960788,1.0583466508620234e-05,0.25,2.574016563146998,1.0,6.471812115969059e-06,1.2038340371338563,0.611527999745986,0.00010893246187363833,0.16932071269487747,0.1250544840361774
"frozenset({'bed_bath_table', 'furniture_decor'})",frozenset({'office_furniture'}),0.0007302591890947961,0.01316583233672357,1.0583466508620234e-05,0.014492753623188408,1.1007852183233144,1.0,9.689964626464357e-07,1.0013464348347951,0.09162447838335923,0.0007621951219512195,0.001344624385682605,0.007648306072044365
frozenset({'office_furniture'}),"frozenset({'bed_bath_table', 'furniture_decor'})",0.01316583233672357,0.0007302591890947961,1.0583466508620234e-05,0.0008038585209003216,1.1007852183233144,1.0,9.689964626464357e-07,1.000073658542853,0.0927790826120997,0.0007621951219512195,7.365311767151069e-05,0.007648306072044365
frozenset({'bed_bath_table'}),"frozenset({'office_furniture', 'furniture_decor'})",0.09712447214960788,4.2333866034480934e-05,1.0583466508620234e-05,0.00010896807235480004,2.574016563146998,1.0,6.471812115969059e-06,1.0000666414681127,0.67728285077951,0.00010893246187363833,6.663702732330675e-05,0.1250544840361774
frozenset({'furniture_decor'}),"frozenset({'office_furniture', 'bed_bath_table'})",0.06625250034396266,5.2917332543101164e-05,1.0583466508620234e-05,0.0001597444089456869,3.0187539936102237,1.0,7.077560916106838e-06,1.0001068441441574,0.7161866548788921,0.00015964240102171138,0.00010683272970567006,0.10007987220447286
"frozenset({'market_place', 'bed_bath_table'})",frozenset({'perfumery'}),2.1166933017240467e-05,0.032575909913533076,1.0583466508620234e-05,0.5,15.348765432098768,1.0,9.89393440550482e-06,1.9348481801729338,0.9348679684606023,0.0003247807729782397,0.4831635834545832,0.25016244314489927
"frozenset({'market_place', 'perfumery'})",frozenset({'bed_bath_table'}),1.0583466508620234e-05,0.09712447214960788,1.0583466508620234e-05,1.0,10.296066252587991,1.0,9.55555291045744e-06,inf,0.9028850835044345,0.00010896807235480004,1.0,0.5000544840361774
"frozenset({'bed_bath_table', 'perfumery'})",frozenset({'market_place'}),1.0583466508620234e-05,0.0028787028903447037,1.0583466508620234e-05,1.0,347.37867647058823,1.0,1.0552999852992003e-05,inf,0.9971318502211968,0.003676470588235294,1.0,0.5018382352941176
frozenset({'market_place'}),"frozenset({'bed_bath_table', 'perfumery'})",0.0028787028903447037,1.0583466508620234e-05,1.0583466508620234e-05,0.003676470588235294,347.37867647058823,1.0,1.0552999852992003e-05,1.0036794143804784,1.0000000000000002,0.003676470588235294,0.0036659259199308706,0.5018382352941176
frozenset({'bed_bath_table'}),"frozenset({'market_place', 'perfumery'})",0.09712447214960788,1.0583466508620234e-05,1.0583466508620234e-05,0.00010896807235480004,10.296066252587991,1.0,9.55555291045744e-06,1.0000983953277953,1.0,0.00010896807235480004,9.83856471073809e-05,0.5000544840361774
frozenset({'perfumery'}),"frozenset({'market_place', 'bed_bath_table'})",0.032575909913533076,2.1166933017240467e-05,1.0583466508620234e-05,0.00032488628979857054,15.348765432098768,1.0,9.89393440550482e-06,1.0003038180631045,0.9663271669091665,0.0003247807729782397,0.0003037257857246921,0.25016244314489927
"frozenset({'cine_photo', 'cool_stuff'})",frozenset({'telephony'}),1.0583466508620234e-05,0.04306412522357573,1.0583466508620234e-05,1.0,23.22118456623249,1.0,1.0127698781593492e-05,inf,0.956946002582393,0.0002457606291472106,1.0,0.5001228803145736
"frozenset({'cine_photo', 'telephony'})",frozenset({'cool_stuff'}),1.0583466508620234e-05,0.03737022024193804,1.0583466508620234e-05,1.0,26.759274992919856,1.0,1.018796003426992e-05,inf,0.9626399678259212,0.00028320589068252624,1.0,0.5001416029453413
"frozenset({'cool_stuff', 'telephony'})",frozenset({'cine_photo'}),6.35007990517214e-05,0.0006667583900430747,1.0583466508620234e-05,0.16666666666666669,249.96560846560848,1.0,1.0541126818078059e-05,1.1991998899319485,0.9960627004371249,0.014705882352941178,0.16611066395549157,0.09126984126984128
frozenset({'cine_photo'}),"frozenset({'cool_stuff', 'telephony'})",0.0006667583900430747,6.35007990517214e-05,1.0583466508620234e-05,0.015873015873015872,249.96560846560848,1.0,1.0541126818078059e-05,1.0160645072525765,0.9966639837329492,0.014705882352941178,0.015810519054557538,0.09126984126984128
frozenset({'cool_stuff'}),"frozenset({'cine_photo', 'telephony'})",0.03737022024193804,1.0583466508620234e-05,1.0583466508620234e-05,0.00028320589068252624,26.759274992919856,1.0,1.018796003426992e-05,1.0002726996543223,1.0,0.00028320589068252624,0.00027262530949473846,0.5001416029453413
frozenset({'telephony'}),"frozenset({'cine_photo', 'cool_stuff'})",0.04306412522357573,1.0583466508620234e-05,1.0583466508620234e-05,0.0002457606291472106,23.221184566232488,1.0,1.0127698781593492e-05,1.0002352349741337,1.0,0.0002457606291472106,0.00023517965165455716,0.5001228803145736
"frozenset({'home_construction', 'cool_stuff'})",frozenset({'computers_accessories'}),1.0583466508620234e-05,0.06877136537301427,1.0583466508620234e-05,1.0,14.540935672514621,1.0,9.855627066442852e-06,inf,0.9312384903583599,0.00015389350569405973,1.0,0.5000769467528471
"frozenset({'home_construction', 'computers_accessories'})",frozenset({'cool_stuff'}),1.0583466508620234e-05,0.03737022024193804,1.0583466508620234e-05,1.0,26.759274992919856,1.0,1.018796003426992e-05,inf,0.9626399678259212,0.00028320589068252624,1.0,0.5001416029453413
"frozenset({'cool_stuff', 'computers_accessories'})",frozenset({'home_construction'}),5.2917332543101164e-05,0.005090647390646332,1.0583466508620234e-05,0.2,39.28773388773389,1.0,1.0314083027789732e-05,1.243636690761692,0.9745983361910205,0.002061855670103093,0.19590664425674958,0.10103950103950105
frozenset({'home_construction'}),"frozenset({'cool_stuff', 'computers_accessories'})",0.005090647390646332,5.2917332543101164e-05,1.0583466508620234e-05,0.002079002079002079,39.28773388773389,1.0,1.0314083027789732e-05,1.0020303057563473,0.9795332212837479,0.002061855670103093,0.002026191967133099,0.10103950103950105
frozenset({'cool_stuff'}),"frozenset({'home_construction', 'computers_accessories'})",0.03737022024193804,1.0583466508620234e-05,1.0583466508620234e-05,0.00028320589068252624,26.759274992919856,1.0,1.018796003426992e-05,1.0002726996543223,1.0,0.00028320589068252624,0.00027262530949473846,0.5001416029453413
frozenset({'computers_accessories'}),"frozenset({'home_construction', 'cool_stuff'})",0.06877136537301427,1.0583466508620234e-05,1.0583466508620234e-05,0.00015389350569405973,14.540935672514621,1.0,9.855627066442852e-06,1.0001433320970643,1.0,0.00015389350569405973,0.00014331155591849185,0.5000769467528471
"frozenset({'sports_leisure', 'computers_accessories'})",frozenset({'health_beauty'}),3.17503995258607e-05,0.09104956237365987,1.0583466508620234e-05,0.33333333333333337,3.6610097252896283,1.0,7.69260652660176e-06,1.3634256564395102,0.7268743914313536,0.00011621150493898897,0.2665533355068077,0.16672478592738968
"frozenset({'sports_leisure', 'health_beauty'})",frozenset({'computers_accessories'}),0.00014816853112068328,0.06877136537301427,1.0583466508620234e-05,0.07142857142857142,1.0386382623224728,1.0,3.9371431813688877e-07,1.0028616065213691,0.03720639759508016,0.0001535862386730149,0.002853441095721381,0.03579123246713274
"frozenset({'health_beauty', 'computers_accessories'})",frozenset({'sports_leisure'}),1.0583466508620234e-05,0.07922783028353107,1.0583466508620234e-05,1.0,12.621827411167512,1.0,9.744961420263834e-06,inf,0.9207819147810257,0.00013358268768367618,1.0,0.5000667913438418
frozenset({'sports_leisure'}),"frozenset({'health_beauty', 'computers_accessories'})",0.07922783028353107,1.0583466508620234e-05,1.0583466508620234e-05,0.00013358268768367618,12.62182741116751,1.0,9.744961420263834e-06,1.0001230156539367,1.0,0.00013358268768367618,0.00012300052294697108,0.5000667913438418
frozenset({'computers_accessories'}),"frozenset({'sports_leisure', 'health_beauty'})",0.06877136537301427,0.00014816853112068328,1.0583466508620234e-05,0.00015389350569405973,1.038638262322473,1.0,3.9371431813688877e-07,1.0000057258557453,0.03994817534009942,0.0001535862386730149,5.725822960153918e-06,0.03579123246713274
frozenset({'health_beauty'}),"frozenset({'sports_leisure', 'computers_accessories'})",0.09104956237365987,3.17503995258607e-05,1.0583466508620234e-05,0.0001162385214460072,3.661009725289628,1.0,7.69260652660176e-06,1.0000844979438361,0.799660006520423,0.00011621150493898897,8.449080453694681e-05,0.16672478592738968
"frozenset({'home_construction', 'furniture_decor'})",frozenset({'garden_tools'}),0.00013758506461206303,0.03628012319155016,1.0583466508620234e-05,0.07692307692307693,2.1202540166950903,1.0,5.591863415177198e-06,1.0440298665424872,0.528431102737261,0.00029069767441860465,0.04217299519246609,0.038607396104478955
"frozenset({'home_construction', 'garden_tools'})",frozenset({'furniture_decor'}),7.408426556034164e-05,0.06625250034396266,1.0583466508620234e-05,0.14285714285714285,2.1562528525787314,1.0,5.675198679101478e-06,1.0893720829320435,0.5362722269263336,0.00015959144589849984,0.08203999747404828,0.07150844363304427
"frozenset({'furniture_decor', 'garden_tools'})",frozenset({'home_construction'}),0.00016933546413792374,0.005090647390646332,1.0583466508620234e-05,0.0625,12.27741683991684,1.0,9.721439369962627e-06,1.0612366427833106,0.9187052111229902,0.0020161290322580645,0.0577030987383784,0.03228950103950104
frozenset({'home_construction'}),"frozenset({'furniture_decor', 'garden_tools'})",0.005090647390646332,0.00016933546413792374,1.0583466508620234e-05,0.002079002079002079,12.27741683991684,1.0,9.721439369962627e-06,1.0019136450869783,0.9232495798140545,0.0020161290322580645,0.0019099900439147404,0.03228950103950104
frozenset({'furniture_decor'}),"frozenset({'home_construction', 'garden_tools'})",0.06625250034396266,7.408426556034164e-05,1.0583466508620234e-05,0.0001597444089456869,2.156252852578731,1.0,5.675198679101478e-06,1.0000856738293007,0.574279982318338,0.00015959144589849984,8.566648992433445e-05,0.07150844363304427
frozenset({'garden_tools'}),"frozenset({'home_construction', 'furniture_decor'})",0.03628012319155016,0.00013758506461206303,1.0583466508620234e-05,0.00029171528588098014,2.12025401669509,1.0,5.591863415177198e-06,1.0001541751965306,0.5482489375020592,0.00029069767441860465,0.00015415143020340168,0.038607396104478955
"frozenset({'home_construction', 'furniture_decor'})",frozenset({'housewares'}),0.00013758506461206303,0.060421010297712914,1.0583466508620234e-05,0.07692307692307693,1.2731180187827587,1.0,2.2704379028832766e-06,1.0178772388441442,0.2145563858839469,0.00017479461632581716,0.017563256316100492,0.03854911947397497
"frozenset({'home_construction', 'housewares'})",frozenset({'furniture_decor'}),2.1166933017240467e-05,0.06625250034396266,1.0583466508620234e-05,0.5,7.54688498402556,1.0,9.181104271614876e-06,1.8674949993120746,0.8675133619092978,0.0001597188947452484,0.4645233318598615,0.25007987220447286
"frozenset({'furniture_decor', 'housewares'})",frozenset({'home_construction'}),0.0002540031962068856,0.005090647390646332,1.0583466508620234e-05,0.04166666666666667,8.184944559944562,1.0,9.290425800633822e-06,1.0381662809836734,0.8780474894932407,0.001984126984126984,0.03676316759923126,0.021872834372834375
frozenset({'home_construction'}),"frozenset({'furniture_decor', 'housewares'})",0.005090647390646332,0.0002540031962068856,1.0583466508620234e-05,0.002079002079002079,8.184944559944562,1.0,9.290425800633822e-06,1.001828800963801,0.88231602238155,0.001984126984126984,0.0018254625561190036,0.021872834372834375
frozenset({'furniture_decor'}),"frozenset({'home_construction', 'housewares'})",0.06625250034396266,2.1166933017240467e-05,1.0583466508620234e-05,0.0001597444089456869,7.546884984025559,1.0,9.181104271614876e-06,1.0001385996164422,0.9290466637197231,0.0001597188947452484,0.00013858040925068655,0.25007987220447286
frozenset({'housewares'}),"frozenset({'home_construction', 'furniture_decor'})",0.060421010297712914,0.00013758506461206303,1.0583466508620234e-05,0.00017516202487300752,1.2731180187827587,1.0,2.2704379028832766e-06,1.0000375835434705,0.22832233210930641,0.00017479461632581716,3.75821310008665e-05,0.03854911947397497
"frozenset({'watches_gifts', 'furniture_decor'})",frozenset({'housewares'}),6.35007990517214e-05,0.060421010297712914,1.0583466508620234e-05,0.16666666666666669,2.7584223740293106,1.0,6.746684075203177e-06,1.1274947876427446,0.637514420888856,0.00017500875043752187,0.11307793972981298,0.08342091434576984
"frozenset({'watches_gifts', 'housewares'})",frozenset({'furniture_decor'}),2.1166933017240467e-05,0.06625250034396266,1.0583466508620234e-05,0.5,7.54688498402556,1.0,9.181104271614876e-06,1.8674949993120746,0.8675133619092978,0.0001597188947452484,0.4645233318598615,0.25007987220447286
frozenset({'furniture_decor'}),"frozenset({'watches_gifts', 'housewares'})",0.06625250034396266,2.1166933017240467e-05,1.0583466508620234e-05,0.0001597444089456869,7.546884984025559,1.0,9.181104271614876e-06,1.0001385996164422,0.9290466637197231,0.0001597188947452484,0.00013858040925068655,0.25007987220447286
frozenset({'housewares'}),"frozenset({'watches_gifts', 'furniture_decor'})",0.060421010297712914,6.35007990517214e-05,1.0583466508620234e-05,0.00017516202487300752,2.7584223740293106,1.0,6.746684075203177e-06,1.0001116807880543,0.6784676383788778,0.00017500875043752187,0.00011166831684863477,0.08342091434576984
"frozenset({'sports_leisure', 'pet_shop'})",frozenset({'furniture_decor'}),1.0583466508620234e-05,0.06625250034396266,1.0583466508620234e-05,1.0,15.09376996805112,1.0,9.882285390117554e-06,inf,0.9337573820460173,0.0001597444089456869,1.0,0.5000798722044728
"frozenset({'sports_leisure', 'furniture_decor'})",frozenset({'pet_shop'}),3.17503995258607e-05,0.017780223734481994,1.0583466508620234e-05,0.33333333333333337,18.747420634920637,1.0,1.0018937301391239e-05,1.4733296643982772,0.9466893865628042,0.0005945303210463733,0.32126527812198075,0.16696428571428573
"frozenset({'pet_shop', 'furniture_decor'})",frozenset({'sports_leisure'}),2.1166933017240467e-05,0.07922783028353107,1.0583466508620234e-05,0.5,6.310913705583756,1.0,8.906456331907436e-06,1.8415443394329378,0.8415621527226544,0.00013356484573260317,0.4569775060056781,0.25006679134384185
frozenset({'sports_leisure'}),"frozenset({'pet_shop', 'furniture_decor'})",0.07922783028353107,2.1166933017240467e-05,1.0583466508620234e-05,0.00013358268768367618,6.310913705583755,1.0,8.906456331907436e-06,1.0001124307734715,0.9139550120113563,0.00013356484573260317,0.00011241813421355254,0.25006679134384185
frozenset({'pet_shop'}),"frozenset({'sports_leisure', 'furniture_decor'})",0.017780223734481994,3.17503995258607e-05,1.0583466508620234e-05,0.0005952380952380952,18.747420634920633,1.0,1.0018937301391239e-05,1.0005638233048222,0.9637958343659422,0.0005945303210463733,0.0005635055872397644,0.16696428571428573
frozenset({'furniture_decor'}),"frozenset({'sports_leisure', 'pet_shop'})",0.06625250034396266,1.0583466508620234e-05,1.0583466508620234e-05,0.0001597444089456869,15.093769968051118,1.0,9.882285390117554e-06,1.0001491847738706,1.0,0.0001597444089456869,0.000149162521093613,0.5000798722044728
